mean_fit_time,std_fit_time,mean_score_time,std_score_time,param_model__alpha,param_model__l1_ratio,params,split0_test_score,split1_test_score,split2_test_score,split3_test_score,split4_test_score,mean_test_score,std_test_score,rank_test_score,model,param_model__max_depth,param_model__min_samples_leaf,param_model__n_estimators,param_model__learning_rate
0.014569234848022462,0.0016258070581022406,0.00501103401184082,0.0005392329063590637,0.0003,0.1,"{'model__alpha': 0.0003, 'model__l1_ratio': 0.1}",-0.11979047287133418,-0.13004785598927138,-0.11288293863241831,-0.13025565616937537,-0.10272721437129191,-0.11914082760673823,0.010502310173878348,2,Elastic net,,,,
0.01208806037902832,0.0012364984417743152,0.004783535003662109,0.0002954367976475694,0.0003,0.5,"{'model__alpha': 0.0003, 'model__l1_ratio': 0.5}",-0.11970618231756247,-0.1299690041626381,-0.1128038110634382,-0.13045424501993827,-0.10290711798939986,-0.1191680721105954,0.010480933568487675,3,Elastic net,,,,
0.012206602096557616,0.0006625208731727496,0.004536867141723633,0.0004764750774873138,0.0003,0.9,"{'model__alpha': 0.0003, 'model__l1_ratio': 0.9}",-0.11966343905908683,-0.12994507566797833,-0.11290500690485611,-0.13077764889756308,-0.10329313212083777,-0.11931686053006443,0.01041441772489378,4,Elastic net,,,,
0.014449214935302735,0.0015692412006403328,0.006003570556640625,0.0022754769432953427,0.001,0.1,"{'model__alpha': 0.001, 'model__l1_ratio': 0.1}",-0.11966785130129626,-0.1300325496677014,-0.11278043799150306,-0.1302792038597889,-0.10291278430104282,-0.11913456542426648,0.01045728969185506,1,Elastic net,,,,
0.01247401237487793,0.001525920542506549,0.004602193832397461,0.0003229213619153203,0.001,0.5,"{'model__alpha': 0.001, 'model__l1_ratio': 0.5}",-0.11970928722380189,-0.12995251087006984,-0.11295790314235714,-0.13108052076406196,-0.10388228130886432,-0.11951650066183103,0.010296776707774818,6,Elastic net,,,,
0.011623239517211914,0.0004760609651288748,0.004463291168212891,0.0004584178769849312,0.001,0.9,"{'model__alpha': 0.001, 'model__l1_ratio': 0.9}",-0.12020163821602886,-0.12978230622066747,-0.11263681308913885,-0.13162590807064775,-0.10439464874938433,-0.11972826286917344,0.010278815254981921,8,Elastic net,,,,
0.013842391967773437,0.0025880401594554326,0.004940223693847656,0.0007199109285338727,0.003,0.1,"{'model__alpha': 0.003, 'model__l1_ratio': 0.1}",-0.1196334116687813,-0.1299401023943902,-0.11283605144575243,-0.13065560731710377,-0.1035697124149202,-0.11932697704818958,0.010310128025004129,5,Elastic net,,,,
0.012575292587280273,0.0004747454925201398,0.0055045604705810545,0.0008725588083992409,0.003,0.5,"{'model__alpha': 0.003, 'model__l1_ratio': 0.5}",-0.12070331110500547,-0.12960622697120947,-0.1122327152799491,-0.13229257173090408,-0.1048074341204376,-0.11992845184150114,0.010344087558837613,9,Elastic net,,,,
0.01317129135131836,0.0016137077329110897,0.005243682861328125,0.0009725152303319357,0.003,0.9,"{'model__alpha': 0.003, 'model__l1_ratio': 0.9}",-0.12210014551795445,-0.1307623410184895,-0.11155672335303157,-0.13334896674275556,-0.10591528003132065,-0.12073669133271034,0.010633797017330585,10,Elastic net,,,,
0.012382984161376953,0.0009493100800930754,0.004881906509399414,0.0002028892182521482,0.01,0.1,"{'model__alpha': 0.01, 'model__l1_ratio': 0.1}",-0.12041671529111661,-0.12966354970729665,-0.11223956521618716,-0.13156084096846857,-0.10446332013103864,-0.11966879826282154,0.010278863603612184,7,Elastic net,,,,
0.015198135375976562,0.0032201222221266866,0.005357599258422852,0.0007602763875445015,0.01,0.5,"{'model__alpha': 0.01, 'model__l1_ratio': 0.5}",-0.1252592126188338,-0.13273315589304674,-0.1119329425975715,-0.13489747543092226,-0.10859031599840265,-0.12268262050775539,0.010686471735693667,11,Elastic net,,,,
0.010982036590576172,0.0003181967977354473,0.004525899887084961,0.00022334026309838435,0.01,0.9,"{'model__alpha': 0.01, 'model__l1_ratio': 0.9}",-0.1286823557759665,-0.13507914191781403,-0.11372327271057384,-0.13611891516746288,-0.11176422047491076,-0.12507358120934559,0.01040290812596634,12,Elastic net,,,,
1.7248712062835694,0.01917433147391908,0.03937473297119141,0.007291721301974179,,,"{'model__max_depth': None, 'model__min_samples_leaf': 1, 'model__n_estimators': 250}",-0.11000340554172365,-0.11770727017154783,-0.09451914724361211,-0.12200923514505507,-0.09157749063977648,-0.10716330974834302,0.012185527064000381,1,Random forest,,1.0,250.0,
3.54416561126709,0.1457200426235926,0.0698667049407959,0.005548528026916228,,,"{'model__max_depth': None, 'model__min_samples_leaf': 1, 'model__n_estimators': 500}",-0.11073420033756239,-0.11776187825594214,-0.09450484512202442,-0.12162887045921032,-0.09152680981314529,-0.10723132079757691,0.01215768966617707,2,Random forest,,1.0,500.0,
1.325677251815796,0.025726520791030147,0.04561166763305664,0.03183648221155839,,,"{'model__max_depth': None, 'model__min_samples_leaf': 3, 'model__n_estimators': 250}",-0.10985804742378397,-0.11939876988681862,-0.09541274943742271,-0.12237852078075467,-0.09255014218087236,-0.10791964594193046,0.012142741490185712,7,Random forest,,3.0,250.0,
2.7718536376953127,0.21019923963285433,0.05945611000061035,0.007522500798593979,,,"{'model__max_depth': None, 'model__min_samples_leaf': 3, 'model__n_estimators': 500}",-0.11061191354713167,-0.11950621239357778,-0.09521458107976148,-0.1220430998578416,-0.09198379366493685,-0.10787192010864988,0.01229900361559092,5,Random forest,,3.0,500.0,
1.1525099277496338,0.04715465031948891,0.03573384284973145,0.011203831804022724,,,"{'model__max_depth': None, 'model__min_samples_leaf': 6, 'model__n_estimators': 250}",-0.11073720085923698,-0.12133327381469246,-0.09698404419564557,-0.12407350189417608,-0.09465573828876607,-0.10955675181050344,0.012090733180476019,9,Random forest,,6.0,250.0,
2.5928850173950195,0.4231997140495235,0.053116989135742185,0.007171287368921102,,,"{'model__max_depth': None, 'model__min_samples_leaf': 6, 'model__n_estimators': 500}",-0.11150370412713569,-0.12165502859940736,-0.09672850481808506,-0.12447695850129853,-0.09400644300592514,-0.10967412781037036,0.012482616964961555,11,Random forest,,6.0,500.0,
1.51394944190979,0.013494773730708252,0.029938745498657226,0.0005589232954066742,,,"{'model__max_depth': 12, 'model__min_samples_leaf': 1, 'model__n_estimators': 250}",-0.11032542699756404,-0.11796805195063596,-0.09457757556814149,-0.12209255328116157,-0.0919824368684635,-0.10738920893319333,0.012150952275926446,3,Random forest,12,1.0,250.0,
3.01053524017334,0.018651093436550158,0.058530235290527345,0.0029235046719465045,,,"{'model__max_depth': 12, 'model__min_samples_leaf': 1, 'model__n_estimators': 500}",-0.1111069611460173,-0.11812370259669913,-0.09451507140658806,-0.12187322870628109,-0.09164593954322607,-0.10745298067976232,0.012267122551566235,4,Random forest,12,1.0,500.0,
1.2693251132965089,0.00709599785488692,0.03163785934448242,0.0060918798797948565,,,"{'model__max_depth': 12, 'model__min_samples_leaf': 3, 'model__n_estimators': 250}",-0.10987952145345099,-0.11940373425218363,-0.09532626207263113,-0.12248162037789877,-0.09270263587964188,-0.10795875480716129,0.01214841191934788,8,Random forest,12,3.0,250.0,
2.5807570457458495,0.07627149733443979,0.058424854278564455,0.014012946482658346,,,"{'model__max_depth': 12, 'model__min_samples_leaf': 3, 'model__n_estimators': 500}",-0.11057900920706198,-0.11949788413964102,-0.09517704018839468,-0.12223977950185327,-0.0920840832310798,-0.10791555925360616,0.012323416751592086,6,Random forest,12,3.0,500.0,
1.0962600231170654,0.0673635571173928,0.027528762817382812,0.003530924955695155,,,"{'model__max_depth': 12, 'model__min_samples_leaf': 6, 'model__n_estimators': 250}",-0.11073133104153034,-0.12134834561240053,-0.09698359158235054,-0.12406792751209214,-0.09469534712689383,-0.10956530857505349,0.01208255670131945,10,Random forest,12,6.0,250.0,
2.1178845405578612,0.01688617418863574,0.04596767425537109,0.0046626816460095324,,,"{'model__max_depth': 12, 'model__min_samples_leaf': 6, 'model__n_estimators': 500}",-0.11149840363225165,-0.12167115764046052,-0.09672826571704823,-0.1244751766798065,-0.09402945937806,-0.10968049260952537,0.012479411426799841,12,Random forest,12,6.0,500.0,
0.1976093292236328,0.009629126480258782,0.006833696365356445,0.001979469787640102,,,"{'model__learning_rate': 0.03, 'model__max_depth': 1, 'model__n_estimators': 150}",-0.12735255340627666,-0.13153617409320673,-0.11665838524003534,-0.13813135374258503,-0.11412945229621838,-0.12556158375566445,0.00902067617232449,12,Gradient boosting,1,,150.0,0.03
0.38962831497192385,0.01182026036578704,0.006064510345458985,0.00037020921454573375,,,"{'model__learning_rate': 0.03, 'model__max_depth': 1, 'model__n_estimators': 300}",-0.12071011652491496,-0.12535787024868342,-0.10952599635824306,-0.13109234474015094,-0.10445822971054289,-0.11822891151650705,0.00987743645741162,11,Gradient boosting,1,,300.0,0.03
0.31928448677062987,0.012840548785440923,0.0060828208923339845,0.00036329823474361096,,,"{'model__learning_rate': 0.03, 'model__max_depth': 2, 'model__n_estimators': 150}",-0.11832160144987287,-0.12186201980406065,-0.10393713188522319,-0.12888860486974654,-0.10000465098794695,-0.11460280179937003,0.010931353146581379,9,Gradient boosting,2,,150.0,0.03
0.6349843502044678,0.0074770495097944215,0.006413698196411133,0.0004471530630812289,,,"{'model__learning_rate': 0.03, 'model__max_depth': 2, 'model__n_estimators': 300}",-0.11474264706792905,-0.12062894744255123,-0.10017859471627236,-0.12967431940449664,-0.0943289753961604,-0.11191069680548194,0.013010251891847369,7,Gradient boosting,2,,300.0,0.03
0.4372760772705078,0.00909059297590515,0.007100439071655274,0.0005565111623158222,,,"{'model__learning_rate': 0.03, 'model__max_depth': 3, 'model__n_estimators': 150}",-0.1158031195851315,-0.11949838615642458,-0.09766699228586193,-0.12560075715113425,-0.09365923255275944,-0.11044569754626235,0.012533233331528029,5,Gradient boosting,3,,150.0,0.03
0.8972646713256835,0.030750420942264396,0.009678125381469727,0.005335460914487049,,,"{'model__learning_rate': 0.03, 'model__max_depth': 3, 'model__n_estimators': 300}",-0.11375008791300734,-0.11808848411520234,-0.09493692005031493,-0.12501485337717802,-0.08929283415249989,-0.1082166359216405,0.01374564450581989,1,Gradient boosting,3,,300.0,0.03
0.2128134250640869,0.02262380388934735,0.009678983688354492,0.0060093542235806294,,,"{'model__learning_rate': 0.08, 'model__max_depth': 1, 'model__n_estimators': 150}",-0.11888754324637747,-0.1239862102557521,-0.10797610137498695,-0.1290089886352816,-0.10150919117137842,-0.1162736069367553,0.010152274931606276,10,Gradient boosting,1,,150.0,0.08
0.38582468032836914,0.006735695896225128,0.006495189666748047,0.0003282757840431034,,,"{'model__learning_rate': 0.08, 'model__max_depth': 1, 'model__n_estimators': 300}",-0.11754682254220424,-0.1213717716007789,-0.10400085315505266,-0.12642563948387386,-0.09742917290320227,-0.1133548519370224,0.010897831448926993,8,Gradient boosting,1,,300.0,0.08
0.3233479976654053,0.007614229940534574,0.006623649597167968,0.0007452124489086961,,,"{'model__learning_rate': 0.08, 'model__max_depth': 2, 'model__n_estimators': 150}",-0.11324718611975672,-0.12050942695035116,-0.09878007633729137,-0.12793308909818815,-0.09302574322786526,-0.11069910434669053,0.013070243323291467,6,Gradient boosting,2,,150.0,0.08
0.6707124233245849,0.04637305918869362,0.009947109222412109,0.005034690255967589,,,"{'model__learning_rate': 0.08, 'model__max_depth': 2, 'model__n_estimators': 300}",-0.11377333230545696,-0.11815530096983193,-0.09620045829105574,-0.12618420998983615,-0.09124604714260734,-0.10911186973975762,0.013273054252503202,3,Gradient boosting,2,,300.0,0.08
0.5334410190582275,0.06799139049259607,0.014944505691528321,0.006562427510037745,,,"{'model__learning_rate': 0.08, 'model__max_depth': 3, 'model__n_estimators': 150}",-0.11506591595523906,-0.11719104671225804,-0.09511346297388057,-0.12558388847084356,-0.09017677765239784,-0.10862621835292381,0.013604153674215792,2,Gradient boosting,3,,150.0,0.08
0.9051434516906738,0.04114622408503779,0.011659479141235352,0.005806668782354881,,,"{'model__learning_rate': 0.08, 'model__max_depth': 3, 'model__n_estimators': 300}",-0.11531760049615543,-0.11764442114307629,-0.09641923353122661,-0.12586335911983335,-0.09056296497412815,-0.10916151585288399,0.01339462938916735,4,Gradient boosting,3,,300.0,0.08
